COMMIT,FILES_CHANGED,DATE
COMMIT1,"CODE_FILE44,CODE_FILE15,CODE_FILE38",21/01/2025
COMMIT2,"CODE_FILE21,CODE_FILE59,CODE_FILE1,CODE_FILE34",4/1/2025
COMMIT3,"CODE_FILE23,CODE_FILE65,CODE_FILE14,CODE_FILE39,CODE_FILE26",1/1/2025
COMMIT4,"CODE_FILE48,CODE_FILE21",24/01/2025
COMMIT5,"CODE_FILE68,CODE_FILE1,CODE_FILE42,CODE_FILE63,CODE_FILE3",9/1/2025
COMMIT6,CODE_FILE47,8/1/2025
COMMIT7,"CODE_FILE31,CODE_FILE8,CONFIG_FILE3",8/1/2025
COMMIT8,CODE_FILE11,5/1/2025
COMMIT9,"CODE_FILE9,CODE_FILE69,CODE_FILE17,CODE_FILE61",24/01/2025
COMMIT10,"CODE_FILE22,CODE_FILE34,CODE_FILE68,CODE_FILE55,CODE_FILE28",4/1/2025
COMMIT11,"CODE_FILE26,CODE_FILE40,CODE_FILE52,CODE_FILE48,CODE_FILE57",22/01/2025
COMMIT12,"CODE_FILE58,CODE_FILE16,CODE_FILE32,CODE_FILE29,CODE_FILE9",24/01/2025
COMMIT14,"CODE_FILE29,CODE_FILE1,CODE_FILE10,CODE_FILE8,CODE_FILE30",18/01/2025
COMMIT16,"CODE_FILE10,CODE_FILE66,CODE_FILE31",19/01/2025
COMMIT17,"CODE_FILE63,CODE_FILE28,CODE_FILE70",14/01/2025
COMMIT18,"CONFIG_FILE4,CODE_FILE61",2/1/2025
COMMIT19,"CODE_FILE61,CODE_FILE53",1/1/2025
COMMIT20,"CODE_FILE13,CODE_FILE56",3/1/2025
COMMIT21,"CODE_FILE55,CODE_FILE53,CODE_FILE60",7/1/2025
COMMIT22,CODE_FILE13,8/1/2025
COMMIT23,CODE_FILE52,17/01/2025
COMMIT24,"CODE_FILE14,CODE_FILE32,CODE_FILE25",20/01/2025
COMMIT25,"CODE_FILE69,CODE_FILE58",1/1/2025
COMMIT26,"CODE_FILE55,CODE_FILE24",18/01/2025
COMMIT27,"CODE_FILE60,CODE_FILE32,CODE_FILE10",7/1/2025
COMMIT28,"CONFIG_FILE1,CODE_FILE13,CODE_FILE7,CODE_FILE70",23/01/2025
COMMIT29,CODE_FILE12,21/01/2025
COMMIT30,"CODE_FILE22,CODE_FILE53",23/01/2025
COMMIT31,"CODE_FILE62,CODE_FILE28,CODE_FILE52,CODE_FILE8",18/01/2025
COMMIT32,"CODE_FILE49,CODE_FILE1",14/01/2025
COMMIT33,"CODE_FILE34,CODE_FILE59,CODE_FILE37,CODE_FILE55",8/1/2025
COMMIT34,"CODE_FILE63,CODE_FILE20,CODE_FILE25,CODE_FILE38,CODE_FILE28",15/01/2025
COMMIT36,"CODE_FILE8,CODE_FILE41,CODE_FILE7,CONFIG_FILE5,CODE_FILE62",9/1/2025
COMMIT37,"CODE_FILE68,CODE_FILE21,CODE_FILE8,CODE_FILE66,CODE_FILE11",26/01/2025
COMMIT38,"CODE_FILE9,CODE_FILE31",28/01/2025
COMMIT39,"CODE_FILE16,CONFIG_FILE3,CODE_FILE32,CONFIG_FILE5",1/1/2025
COMMIT40,"CODE_FILE6,CODE_FILE11,CODE_FILE54,CONFIG_FILE5,CONFIG_FILE3",25/01/2025
COMMIT41,"CODE_FILE41,CODE_FILE34,CODE_FILE27,CODE_FILE31,CODE_FILE51",26/01/2025
COMMIT42,"CODE_FILE39,CODE_FILE59",6/1/2025
COMMIT43,"CODE_FILE10,CODE_FILE2,CODE_FILE59",23/01/2025
COMMIT44,"CONFIG_FILE3,CODE_FILE13,CODE_FILE10,CODE_FILE69,CODE_FILE28",14/01/2025
COMMIT45,"CODE_FILE34,CODE_FILE17,CODE_FILE45,CODE_FILE9,CODE_FILE32",11/1/2025
COMMIT46,"CODE_FILE37,CODE_FILE21,CODE_FILE57",9/1/2025
COMMIT47,"CODE_FILE39,CODE_FILE68,CODE_FILE2,CONFIG_FILE1,CODE_FILE14",5/1/2025
COMMIT48,"CODE_FILE34,CODE_FILE15",7/1/2025
COMMIT50,"CODE_FILE35,CODE_FILE37",25/01/2025
COMMIT51,"CODE_FILE27,CODE_FILE44,CODE_FILE34,CODE_FILE65,CODE_FILE63",11/1/2025
COMMIT52,"CODE_FILE7,CODE_FILE12,CODE_FILE55",4/1/2025
COMMIT53,"CODE_FILE6,CODE_FILE1,CODE_FILE43",3/1/2025
COMMIT54,"CODE_FILE34,CODE_FILE21",13/01/2025
COMMIT55,"CONFIG_FILE1,CODE_FILE55,CONFIG_FILE2,CODE_FILE2",4/1/2025
COMMIT56,CODE_FILE10,12/1/2025
COMMIT57,"CODE_FILE70,CODE_FILE5",28/01/2025
COMMIT58,"CONFIG_FILE5,CONFIG_FILE1,CODE_FILE19",12/1/2025
COMMIT59,"CODE_FILE17,CODE_FILE6,CODE_FILE40,CODE_FILE47",20/01/2025
COMMIT60,CODE_FILE46,9/1/2025
COMMIT61,"CODE_FILE32,CODE_FILE14",26/01/2025
COMMIT62,"CONFIG_FILE2,CODE_FILE53,CODE_FILE20",2/1/2025
COMMIT63,"CODE_FILE21,CODE_FILE23",24/01/2025
COMMIT64,"CODE_FILE4,CODE_FILE23,CODE_FILE43,CODE_FILE53",15/01/2025
COMMIT65,"CODE_FILE35,CODE_FILE21",18/01/2025
COMMIT66,CODE_FILE49,4/1/2025
COMMIT67,CODE_FILE61,30/01/2025
COMMIT68,"CODE_FILE26,CODE_FILE59",13/01/2025
COMMIT69,"CODE_FILE40,CODE_FILE30,CODE_FILE29",3/1/2025
COMMIT70,CODE_FILE25,18/01/2025
COMMIT71,"CODE_FILE43,CODE_FILE36,CODE_FILE9,CODE_FILE45",10/1/2025
COMMIT72,"CODE_FILE52,CODE_FILE69,CODE_FILE43,CODE_FILE4,CODE_FILE15",27/01/2025
COMMIT73,"CODE_FILE23,CONFIG_FILE5,CODE_FILE34",21/01/2025
COMMIT74,CODE_FILE14,20/01/2025
COMMIT75,"CODE_FILE56,CODE_FILE45,CODE_FILE41,CODE_FILE66,CODE_FILE15",29/01/2025
COMMIT76,"CONFIG_FILE4,CODE_FILE25,CODE_FILE33,CODE_FILE6",28/01/2025
COMMIT77,"CODE_FILE1,CODE_FILE67,CODE_FILE69,CODE_FILE26",12/1/2025
COMMIT78,"CODE_FILE56,CODE_FILE9,CODE_FILE43",19/01/2025
COMMIT79,"CODE_FILE41,CODE_FILE16,CODE_FILE39,CODE_FILE65,CODE_FILE40",7/1/2025
COMMIT80,"CODE_FILE42,CODE_FILE52,CODE_FILE38,CONFIG_FILE1",23/01/2025
COMMIT81,"CODE_FILE25,CODE_FILE54",3/1/2025
COMMIT82,"CODE_FILE23,CONFIG_FILE3,CODE_FILE39,CODE_FILE52",2/1/2025
COMMIT83,"CODE_FILE1,CODE_FILE39,CODE_FILE37,CODE_FILE27,CODE_FILE56",22/01/2025
COMMIT84,"CODE_FILE42,CODE_FILE60,CODE_FILE57,CODE_FILE28,CODE_FILE66",8/1/2025
COMMIT85,"CODE_FILE22,CODE_FILE11,CODE_FILE37,CODE_FILE66",25/01/2025
COMMIT86,"CODE_FILE43,CODE_FILE12,CODE_FILE31,CODE_FILE40,CODE_FILE29",10/1/2025
COMMIT87,"CODE_FILE19,CODE_FILE4",3/1/2025
COMMIT89,"CODE_FILE10,CODE_FILE59,CODE_FILE54,CONFIG_FILE4",8/1/2025
COMMIT90,"CODE_FILE50,CODE_FILE64",28/01/2025
COMMIT91,"CODE_FILE32,CODE_FILE19,CODE_FILE1,CODE_FILE14",4/1/2025
COMMIT92,"CODE_FILE29,CODE_FILE23,CODE_FILE67,CODE_FILE60",13/01/2025
COMMIT94,"CODE_FILE16,CODE_FILE59",15/01/2025
COMMIT95,"CODE_FILE60,CODE_FILE68",21/01/2025
COMMIT96,"CODE_FILE41,CODE_FILE57,CODE_FILE65,CODE_FILE55,CONFIG_FILE1",27/01/2025
COMMIT97,"CODE_FILE21,CODE_FILE61,CODE_FILE58,CODE_FILE34",12/1/2025
COMMIT98,"CODE_FILE36,CODE_FILE67",6/1/2025
COMMIT99,"CODE_FILE31,CODE_FILE36,CODE_FILE57,CODE_FILE10",12/1/2025
COMMIT100,"CODE_FILE31,CODE_FILE35,CODE_FILE43",12/1/2025
COMMIT101,"CODE_FILE70,CODE_FILE11,CODE_FILE18",7/1/2025
COMMIT102,"CODE_FILE30,CODE_FILE50",22/01/2025
COMMIT103,"CODE_FILE28,CODE_FILE9",9/1/2025
COMMIT104,"CODE_FILE53,CODE_FILE43,CODE_FILE70,CODE_FILE60",23/01/2025
COMMIT105,"CODE_FILE8,CODE_FILE27,CODE_FILE54,CODE_FILE50",30/01/2025
COMMIT106,"CODE_FILE3,CONFIG_FILE4,CODE_FILE49,CODE_FILE62,CODE_FILE1",22/01/2025
COMMIT107,"CODE_FILE39,CODE_FILE50,CODE_FILE54",21/01/2025
COMMIT108,"CODE_FILE70,CODE_FILE29,CODE_FILE63,CODE_FILE35,CODE_FILE56",3/1/2025
COMMIT109,"CODE_FILE4,CODE_FILE50,CODE_FILE44,CODE_FILE52",20/01/2025
COMMIT110,"CODE_FILE60,CODE_FILE17",21/01/2025
COMMIT111,"CODE_FILE69,CODE_FILE4,CODE_FILE51,CONFIG_FILE3,CODE_FILE11",6/1/2025
COMMIT112,"CODE_FILE18,CODE_FILE60,CODE_FILE24,CODE_FILE7",18/01/2025
COMMIT113,"CODE_FILE49,CODE_FILE42,CODE_FILE28",24/01/2025
COMMIT114,"CODE_FILE42,CODE_FILE44,CODE_FILE49,CODE_FILE36",8/1/2025
COMMIT115,"CODE_FILE33,CODE_FILE11,CODE_FILE61,CODE_FILE3",6/1/2025
COMMIT116,"CODE_FILE7,CODE_FILE45,CODE_FILE29,CODE_FILE9,CODE_FILE6",15/01/2025
COMMIT119,"CODE_FILE17,CODE_FILE61",30/01/2025
COMMIT121,"CODE_FILE60,CODE_FILE33",23/01/2025
COMMIT122,"CODE_FILE22,CODE_FILE15,CODE_FILE21",18/01/2025
COMMIT123,"CODE_FILE14,CONFIG_FILE5,CODE_FILE4",8/1/2025
COMMIT124,"CONFIG_FILE4,CODE_FILE49,CODE_FILE51",22/01/2025
COMMIT125,"CODE_FILE10,CODE_FILE32",11/1/2025
COMMIT127,"CODE_FILE16,CONFIG_FILE3,CODE_FILE6,CODE_FILE45,CODE_FILE69",25/01/2025
COMMIT128,"CODE_FILE48,CODE_FILE9,CODE_FILE65,CODE_FILE44",25/01/2025
COMMIT129,CODE_FILE54,2/1/2025
COMMIT130,"CODE_FILE14,CODE_FILE56,CODE_FILE47,CODE_FILE59",8/1/2025
COMMIT131,"CODE_FILE56,CODE_FILE23",27/01/2025
COMMIT132,"CODE_FILE35,CODE_FILE69,CODE_FILE62,CODE_FILE60,CODE_FILE56",2/1/2025
COMMIT133,"CODE_FILE35,CODE_FILE42,CODE_FILE32,CODE_FILE12,CODE_FILE36",26/01/2025
COMMIT134,"CODE_FILE32,CODE_FILE60,CONFIG_FILE3,CODE_FILE49",11/1/2025
COMMIT135,"CODE_FILE4,CODE_FILE64,CODE_FILE42",13/01/2025
COMMIT136,"CODE_FILE63,CODE_FILE28",9/1/2025
COMMIT137,"CODE_FILE34,CODE_FILE44,CODE_FILE36",3/1/2025
COMMIT138,"CODE_FILE36,CONFIG_FILE2,CODE_FILE2,CODE_FILE67,CODE_FILE25",7/1/2025
COMMIT140,"CODE_FILE63,CONFIG_FILE2,CODE_FILE31,CODE_FILE61",31/01/2025
COMMIT141,"CODE_FILE58,CODE_FILE3,CODE_FILE12,CODE_FILE38",19/01/2025
COMMIT142,"CODE_FILE52,CODE_FILE32",29/01/2025
COMMIT143,"CONFIG_FILE5,CODE_FILE48,CODE_FILE61",23/01/2025
COMMIT144,"CODE_FILE68,CODE_FILE45,CODE_FILE55,CONFIG_FILE1,CODE_FILE43",11/1/2025
COMMIT145,"CODE_FILE59,CODE_FILE35,CODE_FILE40",7/1/2025
COMMIT146,"CODE_FILE30,CODE_FILE16,CODE_FILE25",21/01/2025
COMMIT147,"CODE_FILE16,CODE_FILE69,CODE_FILE24",16/01/2025
COMMIT148,"CODE_FILE28,CODE_FILE62",13/01/2025
COMMIT149,"CODE_FILE68,CODE_FILE37,CODE_FILE13",29/01/2025
COMMIT150,"CODE_FILE38,CODE_FILE30",30/01/2025
COMMIT152,"CODE_FILE17,CODE_FILE36,CODE_FILE6,CODE_FILE7,CONFIG_FILE1",15/01/2025
COMMIT153,"CODE_FILE17,CODE_FILE63,CODE_FILE14",5/1/2025
COMMIT155,"CODE_FILE61,CODE_FILE62,CODE_FILE57",5/1/2025
COMMIT156,"CODE_FILE24,CODE_FILE7,CODE_FILE33",8/1/2025
COMMIT157,"CODE_FILE15,CODE_FILE9,CODE_FILE52,CODE_FILE63",24/01/2025
COMMIT163,"CODE_FILE29,CODE_FILE67,CODE_FILE49,CODE_FILE58",14/01/2025
COMMIT164,"CODE_FILE39,CODE_FILE55,CODE_FILE40,CONFIG_FILE3",29/01/2025
COMMIT165,"CODE_FILE8,CODE_FILE13,CODE_FILE27,CODE_FILE28,CODE_FILE34",19/01/2025
COMMIT166,CODE_FILE21,13/01/2025
COMMIT168,CODE_FILE21,8/1/2025
COMMIT169,CODE_FILE53,5/1/2025
COMMIT170,"CODE_FILE61,CODE_FILE38,CODE_FILE5,CODE_FILE30",17/01/2025
COMMIT171,"CODE_FILE37,CODE_FILE59,CODE_FILE10",16/01/2025
COMMIT172,"CODE_FILE34,CODE_FILE26",3/1/2025
COMMIT173,"CODE_FILE15,CODE_FILE70,CODE_FILE29,CODE_FILE20",25/01/2025
COMMIT174,"CODE_FILE19,CODE_FILE10,CODE_FILE8",2/1/2025
COMMIT175,"CODE_FILE40,CONFIG_FILE3",28/01/2025
COMMIT176,"CODE_FILE57,CODE_FILE16,CODE_FILE60",4/1/2025
COMMIT177,"CODE_FILE52,CODE_FILE35,CODE_FILE65",5/1/2025
COMMIT178,"CODE_FILE64,CODE_FILE57,CODE_FILE11,CODE_FILE6,CODE_FILE56",21/01/2025
COMMIT179,"CODE_FILE33,CODE_FILE4,CODE_FILE12",6/1/2025
COMMIT181,"CONFIG_FILE4,CODE_FILE6,CODE_FILE23",22/01/2025
COMMIT182,"CODE_FILE67,CODE_FILE57,CODE_FILE36,CODE_FILE24",14/01/2025
COMMIT183,"CODE_FILE56,CODE_FILE63,CODE_FILE12,CODE_FILE61,CODE_FILE45",20/01/2025
COMMIT184,"CODE_FILE43,CODE_FILE42,CODE_FILE14,CODE_FILE21",3/1/2025
COMMIT185,"CODE_FILE53,CODE_FILE64,CODE_FILE37",13/01/2025
COMMIT186,"CONFIG_FILE1,CODE_FILE5,CODE_FILE59,CODE_FILE12",13/01/2025
COMMIT187,"CODE_FILE33,CODE_FILE42,CODE_FILE15",20/01/2025
COMMIT188,"CODE_FILE66,CODE_FILE1,CODE_FILE70,CODE_FILE60",15/01/2025
COMMIT189,"CODE_FILE7,CODE_FILE25,CODE_FILE67,CODE_FILE47",17/01/2025
COMMIT190,"CODE_FILE64,CODE_FILE57,CODE_FILE7,CODE_FILE27,CODE_FILE35",9/1/2025
COMMIT191,"CODE_FILE17,CODE_FILE37,CODE_FILE57,CODE_FILE63,CODE_FILE16",18/01/2025
COMMIT193,"CODE_FILE40,CONFIG_FILE1",31/01/2025
COMMIT195,"CODE_FILE12,CODE_FILE29,CODE_FILE15,CODE_FILE60",22/01/2025
COMMIT197,"CODE_FILE38,CODE_FILE66,CODE_FILE35,CODE_FILE54",4/1/2025
COMMIT198,"CODE_FILE61,CODE_FILE32,CODE_FILE59,CONFIG_FILE1",22/01/2025
COMMIT199,"CODE_FILE50,CODE_FILE25",29/01/2025
COMMIT200,"CODE_FILE66,CODE_FILE18,CODE_FILE9,CODE_FILE36,CODE_FILE54",18/01/2025
