TC#,LABEL
TC001,FLAKY
TC002,FLAKY
TC003,FLAKY
TC004,FLAKY
TC005,FLAKY
TC006,FLAKY
TC007,FLAKY
TC008,FLAKY
TC009,FLAKY
TC010,FLAKY
TC011,FLAKY
TC012,FLAKY
TC013,FLAKY
TC014,FLAKY
TC015,FLAKY
TC016,FLAKY
TC017,FLAKY
TC018,FLAKY
TC019,FLAKY
TC020,FLAKY
TC021,FLAKY
TC022,FLAKY
TC023,FLAKY
TC024,FLAKY
TC025,FLAKY
TC026,FLAKY
TC027,FLAKY
TC028,FLAKY
TC029,FLAKY
TC030,FLAKY
TC031,FLAKY
TC032,FLAKY
TC033,FLAKY
TC034,FLAKY
TC035,FLAKY
TC036,FLAKY
TC037,FLAKY
TC038,FLAKY
TC039,FLAKY
TC040,FLAKY
TC041,FLAKY
TC042,FLAKY
TC043,FLAKY
TC044,FLAKY
TC045,FLAKY
TC046,FLAKY
TC047,FLAKY
TC048,FLAKY
TC049,FLAKY
TC050,FLAKY
TC051,NOT_FLAKY
TC052,NOT_FLAKY
TC053,NOT_FLAKY
TC054,NOT_FLAKY
TC055,NOT_FLAKY
TC056,NOT_FLAKY
TC057,NOT_FLAKY
TC058,NOT_FLAKY
TC059,NOT_FLAKY
TC060,NOT_FLAKY
TC061,NOT_FLAKY
TC062,NOT_FLAKY
TC063,NOT_FLAKY
TC064,NOT_FLAKY
TC065,NOT_FLAKY
TC066,NOT_FLAKY
TC067,NOT_FLAKY
TC068,NOT_FLAKY
TC069,NOT_FLAKY
TC070,NOT_FLAKY
TC071,NOT_FLAKY
TC072,NOT_FLAKY
TC073,NOT_FLAKY
TC074,NOT_FLAKY
TC075,NOT_FLAKY
TC076,NOT_FLAKY
TC077,NOT_FLAKY
TC078,NOT_FLAKY
TC079,NOT_FLAKY
TC080,NOT_FLAKY
TC081,NOT_FLAKY
TC082,NOT_FLAKY
TC083,NOT_FLAKY
TC084,NOT_FLAKY
TC085,NOT_FLAKY
TC086,NOT_FLAKY
TC087,NOT_FLAKY
TC088,NOT_FLAKY
TC089,NOT_FLAKY
TC090,NOT_FLAKY
TC091,NOT_FLAKY
TC092,NOT_FLAKY
TC093,NOT_FLAKY
TC094,NOT_FLAKY
TC095,NOT_FLAKY
TC096,NOT_FLAKY
TC097,NOT_FLAKY
TC098,NOT_FLAKY
TC099,NOT_FLAKY
TC100,NOT_FLAKY
