TC#,FILE
TC18,CODE_FILE25
TC26,CODE_FILE49
TC35,CODE_FILE57
TC44,CODE_FILE61
TC53,CODE_FILE63
TC64,CODE_FILE57
TC70,CODE_FILE8
TC74,CODE_FILE56
TC77,CODE_FILE68
TC79,CODE_FILE24
TC93,CODE_FILE60
TC118,CODE_FILE7
TC128,CODE_FILE6
TC142,CODE_FILE47
TC148,CODE_FILE62
TC156,CODE_FILE51
TC175,CODE_FILE9
TC178,CODE_FILE53
TC181,CODE_FILE6
TC196,CODE_FILE54
TC197,CODE_FILE13
TC213,CODE_FILE51
TC226,CODE_FILE9
TC228,CODE_FILE28
TC232,CODE_FILE1
TC234,CODE_FILE19
TC250,CODE_FILE17
TC253,CODE_FILE15
TC259,CODE_FILE14
TC271,CODE_FILE55
TC282,CODE_FILE42
TC307,CODE_FILE61
TC324,CODE_FILE40
TC325,CODE_FILE46
TC333,CODE_FILE45
TC340,CODE_FILE35
TC351,CODE_FILE9
TC362,CODE_FILE48
TC363,CODE_FILE40
TC374,CODE_FILE63
TC386,CODE_FILE68
TC390,CODE_FILE51
TC403,CODE_FILE56
TC423,CODE_FILE15
TC427,CODE_FILE22
TC429,CODE_FILE47
TC460,CODE_FILE10
TC469,CODE_FILE9
TC486,CODE_FILE12
TC487,CODE_FILE65
TC489,CODE_FILE60
TC492,CODE_FILE25
TC502,CODE_FILE65
TC514,CODE_FILE50
TC537,CODE_FILE17
TC544,CODE_FILE47
TC546,CODE_FILE24
TC571,CODE_FILE47
TC574,CODE_FILE37
TC585,CODE_FILE37
TC587,CODE_FILE65
TC588,CODE_FILE68
TC593,CODE_FILE33
TC600,CODE_FILE37
TC651,CODE_FILE59
TC652,CODE_FILE9
TC653,CODE_FILE15
TC659,CODE_FILE19
TC681,CODE_FILE33
TC690,CODE_FILE6
TC692,CODE_FILE70
TC693,CODE_FILE44
TC708,CODE_FILE40
TC710,CODE_FILE51
TC723,CODE_FILE56
TC726,CODE_FILE50
TC727,CODE_FILE44
TC733,CODE_FILE35
TC745,CODE_FILE38
TC753,CODE_FILE6
TC754,CODE_FILE46
TC767,CODE_FILE17
TC790,CODE_FILE64
TC795,CODE_FILE34
TC802,CODE_FILE18
TC814,CODE_FILE21
TC823,CODE_FILE64
TC826,CODE_FILE48
TC829,CODE_FILE12
TC842,CODE_FILE60
TC843,CODE_FILE67
TC889,CODE_FILE52
TC891,CODE_FILE59
TC918,CODE_FILE13
TC921,CODE_FILE50
TC924,CODE_FILE21
TC929,CODE_FILE64
TC961,CODE_FILE25
TC970,CODE_FILE17
TC981,CODE_FILE6
